bet_id,player_id,game,bet_amount,win_amount,timestamp
1,78,blackjack,82.25,82.25,2026-05-04 22:05:56
2,43,blackjack,21.6,21.6,2026-04-07 16:45:02
3,97,roulette,71.26,35.63,2026-04-24 20:06:20
4,54,slots,19.48,0.0,2026-04-07 02:07:16
5,24,slots,38.7,19.35,2026-05-05 02:49:13
6,27,roulette,12.93,25.86,2026-04-24 00:22:39
7,67,slots,94.92,94.92,2026-04-17 16:54:02
8,60,blackjack,10.23,20.46,2026-05-04 09:18:37
9,67,slots,63.91,63.91,2026-04-22 02:17:59
10,26,slots,19.6,0.0,2026-04-11 18:14:56
11,82,blackjack,43.91,21.95,2026-05-03 05:30:53
12,71,roulette,84.34,42.17,2026-04-09 03:05:20
13,94,blackjack,80.67,40.34,2026-04-23 03:46:48
14,84,roulette,47.17,94.34,2026-04-13 13:12:48
15,44,blackjack,84.5,42.25,2026-04-12 22:12:35
16,50,blackjack,61.66,0.0,2026-04-12 19:26:37
17,65,slots,89.83,0.0,2026-04-26 11:10:34
18,18,roulette,33.04,66.08,2026-04-24 13:04:31
19,77,slots,10.7,5.35,2026-04-21 20:11:53
20,72,roulette,1.63,0.81,2026-04-17 17:16:11
21,62,roulette,48.72,97.44,2026-04-24 00:29:04
22,15,roulette,84.63,0.0,2026-04-23 11:33:30
23,95,blackjack,10.07,0.0,2026-04-28 08:32:30
24,99,roulette,79.96,79.96,2026-04-11 09:47:22
25,74,blackjack,24.06,0.0,2026-04-23 22:58:28
26,67,slots,16.69,16.69,2026-05-01 10:45:05
27,60,roulette,60.45,120.9,2026-04-16 08:41:49
28,67,roulette,96.71,48.35,2026-04-24 11:31:14
29,21,blackjack,34.51,69.02,2026-04-14 20:14:35
30,82,blackjack,59.97,29.98,2026-04-11 10:24:17
31,55,blackjack,81.83,163.66,2026-04-28 09:21:06
32,42,roulette,73.8,0.0,2026-04-27 23:55:05
33,27,slots,17.59,17.59,2026-04-20 05:55:37
34,47,roulette,70.44,0.0,2026-04-26 12:02:45
35,9,slots,52.21,52.21,2026-04-22 03:14:03
36,58,slots,20.6,0.0,2026-04-14 07:38:53
37,16,roulette,40.49,20.25,2026-04-12 20:46:35
38,100,slots,65.02,0.0,2026-05-01 00:32:38
39,17,slots,63.93,63.93,2026-04-24 21:08:56
40,84,slots,25.28,25.28,2026-05-04 20:21:47
41,67,blackjack,40.56,0.0,2026-04-26 13:04:36
42,67,slots,6.24,0.0,2026-04-30 18:46:19
43,46,slots,19.02,0.0,2026-04-11 13:55:12
44,27,roulette,12.69,12.69,2026-04-23 13:01:55
45,40,slots,55.8,111.6,2026-04-06 09:34:17
46,43,blackjack,58.17,116.34,2026-05-01 21:14:38
47,20,slots,48.91,24.45,2026-04-24 08:04:18
48,38,slots,13.71,13.71,2026-04-26 22:53:01
49,60,slots,31.43,0.0,2026-04-13 09:10:45
50,63,blackjack,35.96,35.96,2026-05-01 03:26:08
51,4,blackjack,78.83,157.66,2026-04-27 09:36:16
52,92,blackjack,54.12,27.06,2026-04-09 21:35:45
53,39,slots,10.65,10.65,2026-04-16 05:37:12
54,17,roulette,23.23,0.0,2026-04-16 22:10:50
55,25,blackjack,81.44,0.0,2026-04-10 02:24:49
56,98,slots,67.68,135.36,2026-04-24 02:37:14
57,44,slots,35.4,17.7,2026-04-09 19:03:00
58,100,blackjack,92.8,92.8,2026-04-18 05:45:48
59,97,slots,67.87,67.87,2026-04-28 00:12:54
60,50,roulette,74.99,74.99,2026-04-13 06:12:29
61,98,blackjack,22.39,11.2,2026-04-27 23:58:38
62,32,roulette,95.39,0.0,2026-04-15 01:06:01
63,23,blackjack,46.56,46.56,2026-04-14 14:12:32
64,92,roulette,55.18,27.59,2026-05-01 00:46:15
65,12,blackjack,14.85,29.7,2026-04-19 12:21:50
66,21,slots,31.44,15.72,2026-04-28 13:33:27
67,5,slots,96.27,96.27,2026-04-09 10:46:46
68,70,roulette,85.03,85.03,2026-05-05 00:11:50
69,46,slots,25.69,25.69,2026-04-21 14:04:33
70,39,blackjack,47.04,94.08,2026-04-16 10:32:58
71,72,slots,97.93,195.86,2026-04-30 00:09:39
72,35,roulette,47.48,23.74,2026-04-29 15:36:24
73,46,roulette,51.93,51.93,2026-04-17 14:18:50
74,69,roulette,11.86,23.72,2026-04-11 07:47:02
75,21,roulette,53.8,53.8,2026-04-05 22:22:16
76,99,blackjack,35.98,17.99,2026-04-29 11:48:56
77,34,roulette,25.03,12.52,2026-04-21 09:27:02
78,76,slots,18.52,37.04,2026-04-24 18:53:09
79,68,roulette,61.12,61.12,2026-04-18 10:02:15
80,95,slots,62.0,0.0,2026-04-09 03:25:54
81,74,blackjack,19.0,19.0,2026-04-24 02:55:11
82,78,slots,20.76,20.76,2026-04-19 08:46:44
83,72,roulette,31.27,0.0,2026-04-05 11:05:37
84,17,blackjack,84.58,42.29,2026-04-11 08:31:44
85,3,slots,51.44,51.44,2026-04-15 02:18:29
86,6,blackjack,74.7,74.7,2026-04-18 23:22:30
87,92,blackjack,46.74,23.37,2026-04-24 21:23:50
88,47,blackjack,82.86,0.0,2026-04-18 17:59:30
89,100,roulette,96.39,96.39,2026-05-04 22:20:53
90,63,blackjack,39.62,79.24,2026-05-03 01:13:34
91,4,blackjack,76.19,0.0,2026-04-14 20:19:48
92,98,slots,70.3,140.6,2026-04-24 20:54:41
93,25,roulette,39.27,39.27,2026-04-18 22:41:49
94,25,roulette,75.85,151.7,2026-04-20 21:32:19
95,3,roulette,43.8,43.8,2026-04-22 21:00:39
96,20,slots,82.02,164.04,2026-04-20 18:35:39
97,68,roulette,86.27,0.0,2026-04-11 23:34:38
98,57,blackjack,48.64,48.64,2026-04-17 13:37:29
99,30,slots,94.28,188.56,2026-04-11 08:06:23
100,95,roulette,90.73,181.46,2026-04-20 16:35:37
101,6,slots,74.08,0.0,2026-04-16 00:01:09
102,10,slots,77.52,155.04,2026-04-08 19:46:08
103,59,roulette,62.49,31.25,2026-04-19 22:55:02
104,77,slots,86.41,172.82,2026-04-19 06:19:02
105,21,slots,34.65,69.3,2026-05-02 18:44:08
106,36,roulette,87.79,87.79,2026-04-16 08:29:21
107,97,slots,57.6,28.8,2026-04-21 20:53:47
108,40,roulette,43.87,43.87,2026-04-28 22:41:52
109,4,roulette,20.67,10.34,2026-04-20 21:48:06
110,99,slots,53.91,0.0,2026-04-21 03:39:06
111,31,slots,8.02,0.0,2026-04-06 23:46:31
112,17,blackjack,68.53,137.06,2026-04-07 23:02:23
113,5,roulette,16.67,16.67,2026-04-26 05:27:14
114,15,roulette,96.28,96.28,2026-04-13 23:21:26
115,3,blackjack,73.57,147.14,2026-04-15 23:23:09
116,63,blackjack,92.84,185.68,2026-04-15 06:53:27
117,33,roulette,91.21,91.21,2026-04-11 20:51:46
118,20,roulette,75.88,75.88,2026-04-20 22:34:30
119,25,blackjack,85.25,170.5,2026-04-05 20:37:40
120,43,roulette,33.67,33.67,2026-04-19 02:42:35
121,32,slots,1.46,2.92,2026-04-27 05:50:19
122,73,roulette,66.5,0.0,2026-04-13 12:43:52
123,14,blackjack,29.13,29.13,2026-04-22 08:44:40
124,92,slots,74.09,148.18,2026-04-16 13:00:34
125,45,roulette,69.34,34.67,2026-04-24 07:17:02
126,86,blackjack,82.03,41.02,2026-05-04 12:20:37
127,84,roulette,45.21,90.42,2026-04-14 05:49:15
128,50,roulette,84.88,0.0,2026-04-29 14:53:35
129,76,roulette,66.85,0.0,2026-04-12 06:45:29
130,100,blackjack,86.34,43.17,2026-04-14 04:49:19
131,32,blackjack,94.18,0.0,2026-05-03 18:22:44
132,40,slots,64.71,0.0,2026-04-27 13:45:46
133,56,blackjack,94.64,47.32,2026-04-14 12:04:50
134,20,roulette,6.78,13.56,2026-04-29 20:45:26
135,54,roulette,94.01,188.02,2026-04-18 16:02:20
136,52,slots,42.26,0.0,2026-04-28 21:09:13
137,12,slots,28.48,28.48,2026-04-15 14:29:26
138,83,roulette,26.9,26.9,2026-04-16 06:56:05
139,7,blackjack,91.55,0.0,2026-05-02 20:53:47
140,40,slots,32.54,32.54,2026-05-02 05:31:17
141,77,blackjack,96.08,192.16,2026-04-20 11:49:48
142,63,roulette,49.07,49.07,2026-04-11 23:53:10
143,91,roulette,33.49,16.75,2026-04-15 14:39:02
144,98,blackjack,42.35,0.0,2026-04-14 10:02:45
145,53,blackjack,23.61,23.61,2026-04-05 18:31:53
146,87,roulette,2.75,1.38,2026-05-01 07:17:26
147,91,roulette,35.27,35.27,2026-04-25 10:59:25
148,52,slots,1.96,0.0,2026-04-24 17:50:46
149,5,blackjack,14.88,0.0,2026-05-04 18:01:37
150,30,slots,40.63,81.26,2026-04-12 11:29:17
151,87,slots,30.02,0.0,2026-05-04 12:00:26
152,17,blackjack,4.03,0.0,2026-04-16 23:07:27
153,61,slots,32.29,16.14,2026-04-07 16:07:06
154,39,slots,13.58,6.79,2026-04-07 17:53:12
155,95,blackjack,71.58,35.79,2026-04-07 13:25:47
156,57,roulette,77.71,0.0,2026-04-30 06:53:23
157,79,roulette,50.75,101.5,2026-04-30 09:26:01
158,29,blackjack,79.39,0.0,2026-04-17 01:14:57
159,74,slots,21.4,10.7,2026-05-02 18:53:01
160,16,roulette,12.94,12.94,2026-04-20 05:02:19
161,50,slots,30.82,30.82,2026-04-06 09:33:24
162,29,blackjack,72.3,144.6,2026-04-14 10:12:16
163,30,slots,52.69,0.0,2026-04-05 21:22:09
164,75,slots,47.18,0.0,2026-04-10 05:15:09
165,57,blackjack,42.73,85.46,2026-04-29 13:33:17
166,85,slots,67.09,134.18,2026-04-26 19:36:39
167,44,roulette,38.61,77.22,2026-04-14 12:05:16
168,72,slots,80.59,80.59,2026-04-16 23:34:26
169,16,slots,86.65,0.0,2026-05-04 09:16:43
170,74,roulette,87.13,0.0,2026-04-14 20:42:59
171,60,slots,85.64,42.82,2026-04-11 02:11:24
172,7,slots,61.75,123.5,2026-04-26 19:07:59
173,23,slots,87.35,87.35,2026-04-21 21:32:38
174,28,blackjack,69.55,0.0,2026-04-10 07:11:52
175,9,slots,81.72,163.44,2026-04-30 07:03:11
176,27,blackjack,18.63,0.0,2026-05-05 05:11:54
177,58,blackjack,11.05,0.0,2026-04-08 16:55:06
178,65,roulette,4.91,0.0,2026-04-09 19:28:43
179,69,slots,8.57,8.57,2026-04-29 17:17:56
180,100,slots,41.22,41.22,2026-04-27 18:17:00
181,51,blackjack,23.06,46.12,2026-05-01 05:11:26
182,31,blackjack,94.82,0.0,2026-04-26 12:21:51
183,8,slots,94.04,188.08,2026-05-02 21:55:48
184,79,blackjack,90.51,181.02,2026-04-20 13:56:42
185,77,roulette,99.48,0.0,2026-04-19 23:46:55
186,47,blackjack,41.38,0.0,2026-04-28 08:18:22
187,46,roulette,80.95,161.9,2026-04-06 16:40:46
188,44,blackjack,42.47,21.23,2026-04-16 19:26:57
189,15,blackjack,24.46,48.92,2026-05-03 22:28:02
190,27,roulette,17.75,8.88,2026-05-04 22:11:32
191,78,blackjack,30.84,30.84,2026-04-05 22:11:13
192,64,slots,26.59,53.18,2026-04-11 22:11:00
193,93,slots,52.91,26.45,2026-04-09 08:16:55
194,42,blackjack,40.89,20.45,2026-04-10 17:29:14
195,39,slots,14.61,0.0,2026-05-05 08:02:50
196,86,slots,88.8,177.6,2026-05-02 19:32:11
197,36,roulette,47.72,0.0,2026-04-11 05:38:42
198,87,slots,68.35,136.7,2026-04-14 00:48:21
199,88,blackjack,63.2,0.0,2026-05-01 03:53:16
200,39,blackjack,18.91,0.0,2026-04-06 19:20:16
201,21,roulette,28.86,14.43,2026-04-08 15:00:19
202,11,roulette,68.56,34.28,2026-04-21 19:04:28
203,12,roulette,33.37,33.37,2026-04-15 18:03:46
204,51,roulette,13.27,6.63,2026-04-14 13:44:29
205,49,slots,95.86,95.86,2026-04-23 23:33:30
206,96,slots,92.65,0.0,2026-04-22 10:15:52
207,63,blackjack,78.6,78.6,2026-04-28 21:15:20
208,20,blackjack,29.8,29.8,2026-05-02 04:31:59
209,70,roulette,46.78,93.56,2026-04-15 21:25:12
210,52,slots,63.6,31.8,2026-04-20 15:30:16
211,19,slots,37.41,0.0,2026-04-13 19:16:23
212,28,slots,55.65,27.82,2026-04-09 21:17:28
213,33,roulette,19.59,9.79,2026-04-11 01:11:58
214,47,slots,97.03,48.52,2026-04-07 05:33:38
215,20,blackjack,49.79,49.79,2026-04-30 00:38:33
216,35,blackjack,51.45,51.45,2026-04-15 23:55:50
217,83,roulette,43.17,21.59,2026-04-15 19:27:49
218,99,slots,32.86,32.86,2026-04-24 01:27:09
219,85,slots,80.16,160.32,2026-04-14 19:07:19
220,40,roulette,58.5,117.0,2026-04-20 10:36:46
221,52,slots,33.46,0.0,2026-04-19 17:53:52
222,15,slots,34.7,0.0,2026-04-16 03:52:20
223,46,slots,25.65,0.0,2026-04-18 21:20:52
224,73,slots,39.84,19.92,2026-04-21 15:20:06
225,41,blackjack,23.72,47.44,2026-04-16 05:06:10
226,74,slots,30.14,60.28,2026-04-12 00:04:24
227,65,blackjack,80.72,80.72,2026-04-25 19:36:45
228,95,slots,67.04,134.08,2026-04-16 11:14:31
229,28,roulette,77.26,154.52,2026-04-11 19:33:25
230,53,roulette,78.67,0.0,2026-04-08 14:08:57
231,93,slots,86.34,43.17,2026-04-21 14:27:27
232,77,roulette,66.12,132.24,2026-04-10 10:08:46
233,22,roulette,39.21,78.42,2026-05-03 16:02:35
234,73,blackjack,96.59,193.18,2026-04-27 12:02:06
235,96,roulette,7.67,7.67,2026-05-03 09:40:19
236,17,slots,34.65,17.32,2026-05-03 16:48:35
237,1,roulette,41.8,41.8,2026-04-23 18:15:36
238,69,roulette,80.66,0.0,2026-04-23 16:32:46
239,85,roulette,73.02,0.0,2026-04-30 16:24:20
240,60,slots,46.7,93.4,2026-04-23 16:02:16
241,75,blackjack,8.74,17.48,2026-04-20 16:32:43
242,27,slots,51.65,103.3,2026-05-01 21:36:13
243,18,roulette,96.68,96.68,2026-04-22 15:41:56
244,39,roulette,99.5,49.75,2026-04-19 08:02:29
245,19,roulette,46.46,92.92,2026-05-02 22:20:53
246,89,roulette,30.2,0.0,2026-04-12 18:59:47
247,53,blackjack,53.77,26.89,2026-04-15 17:34:24
248,67,blackjack,1.06,1.06,2026-04-13 07:30:08
249,66,slots,12.72,6.36,2026-04-14 18:09:19
250,76,slots,58.29,116.58,2026-04-29 09:42:38
251,63,slots,67.62,135.24,2026-04-12 10:21:09
252,93,roulette,47.85,23.93,2026-04-13 14:38:57
253,70,blackjack,98.27,0.0,2026-04-09 13:54:24
254,36,blackjack,54.77,54.77,2026-04-13 18:26:32
255,57,roulette,70.61,35.3,2026-04-10 23:48:29
256,45,slots,74.45,74.45,2026-04-14 08:06:40
257,73,roulette,12.75,6.38,2026-04-13 22:49:14
258,88,roulette,36.28,0.0,2026-04-23 05:15:27
259,68,slots,83.84,41.92,2026-04-06 01:26:14
260,26,slots,37.0,18.5,2026-04-29 11:28:38
261,78,slots,18.75,37.5,2026-04-15 14:01:47
262,29,blackjack,12.81,12.81,2026-05-04 11:03:23
263,93,blackjack,29.72,0.0,2026-04-05 18:40:28
264,10,roulette,80.69,40.34,2026-04-23 02:59:40
265,12,roulette,44.41,0.0,2026-04-28 18:05:56
266,33,roulette,74.54,0.0,2026-04-05 15:33:31
267,57,slots,38.53,19.27,2026-04-22 04:31:13
268,99,slots,8.43,16.86,2026-04-20 20:53:38
269,74,slots,26.53,53.06,2026-04-24 04:24:44
270,67,slots,71.41,71.41,2026-04-12 14:17:32
271,100,blackjack,47.62,95.24,2026-04-20 04:18:15
272,43,slots,51.83,0.0,2026-04-30 13:39:02
273,65,roulette,35.22,70.44,2026-04-27 03:06:56
274,28,roulette,44.31,88.62,2026-04-18 01:01:57
275,28,slots,74.98,0.0,2026-04-05 13:05:31
276,2,blackjack,35.5,35.5,2026-04-11 14:02:21
277,28,blackjack,78.84,0.0,2026-04-13 00:37:45
278,49,roulette,3.33,0.0,2026-04-09 04:02:09
279,22,roulette,10.29,10.29,2026-04-21 04:04:43
280,36,blackjack,80.27,40.13,2026-04-10 01:39:35
281,73,blackjack,48.33,0.0,2026-04-10 23:04:05
282,14,roulette,39.35,78.7,2026-04-11 01:51:00
283,17,roulette,39.71,0.0,2026-05-01 21:09:14
284,25,blackjack,73.93,73.93,2026-04-17 20:05:14
285,30,blackjack,32.63,65.26,2026-04-17 08:08:46
286,23,roulette,60.7,121.4,2026-04-10 23:47:59
287,11,roulette,74.25,37.12,2026-04-14 16:32:36
288,35,blackjack,75.16,75.16,2026-04-21 08:47:39
289,48,blackjack,19.19,0.0,2026-04-17 10:05:49
290,78,slots,13.67,0.0,2026-05-02 03:06:04
291,19,blackjack,61.15,0.0,2026-04-05 13:28:12
292,63,slots,70.2,70.2,2026-04-10 02:22:53
293,48,roulette,2.28,2.28,2026-04-27 09:31:14
294,93,slots,11.06,11.06,2026-04-11 15:03:25
295,44,roulette,74.36,74.36,2026-04-12 16:33:13
296,26,slots,58.95,58.95,2026-04-08 20:33:53
297,13,roulette,72.01,144.02,2026-04-25 00:12:33
298,18,slots,60.68,121.36,2026-04-16 20:00:00
299,47,blackjack,13.55,27.1,2026-04-06 16:53:10
300,58,slots,80.39,80.39,2026-04-12 09:49:22
301,57,blackjack,93.42,46.71,2026-04-16 23:29:43
302,14,slots,52.71,0.0,2026-04-23 13:51:03
303,88,slots,4.59,9.18,2026-04-25 18:33:35
304,62,roulette,29.07,58.14,2026-04-14 16:56:38
305,21,slots,89.32,44.66,2026-04-19 01:52:36
306,41,blackjack,30.93,15.46,2026-04-30 02:44:51
307,62,slots,9.28,4.64,2026-05-04 18:50:21
308,20,blackjack,92.42,46.21,2026-04-23 07:39:05
309,40,roulette,31.39,62.78,2026-04-17 12:24:50
310,99,roulette,91.9,0.0,2026-04-29 16:26:30
311,50,slots,15.31,15.31,2026-04-20 10:21:58
312,8,slots,16.42,8.21,2026-05-01 06:06:41
313,33,roulette,60.45,120.9,2026-04-29 04:28:14
314,43,roulette,4.99,0.0,2026-04-25 22:59:54
315,32,blackjack,68.77,0.0,2026-04-10 21:12:57
316,6,blackjack,45.57,22.79,2026-04-15 02:42:00
317,51,blackjack,83.84,41.92,2026-05-04 13:07:26
318,71,slots,19.44,38.88,2026-05-01 16:49:39
319,43,slots,75.98,151.96,2026-04-21 17:38:45
320,18,blackjack,2.25,4.5,2026-04-17 20:35:11
321,42,roulette,55.43,110.86,2026-04-23 01:16:19
322,100,blackjack,39.98,19.99,2026-04-28 11:08:26
323,71,roulette,38.79,77.58,2026-04-27 07:46:04
324,77,slots,37.38,0.0,2026-04-12 10:01:20
325,81,slots,64.6,129.2,2026-04-18 22:11:10
326,75,slots,69.86,34.93,2026-04-18 07:40:23
327,26,blackjack,31.94,15.97,2026-04-15 08:03:05
328,11,slots,58.42,0.0,2026-04-30 17:46:33
329,51,blackjack,50.58,25.29,2026-04-17 04:39:46
330,16,blackjack,91.62,0.0,2026-04-08 03:54:33
331,16,roulette,83.97,0.0,2026-04-08 23:34:06
332,12,roulette,48.2,48.2,2026-04-18 00:11:04
333,51,slots,62.5,62.5,2026-04-19 12:36:41
334,95,roulette,2.74,0.0,2026-04-25 10:33:53
335,100,blackjack,60.13,30.07,2026-04-17 15:10:25
336,75,roulette,47.93,95.86,2026-04-24 06:12:47
337,46,roulette,73.69,147.38,2026-04-20 19:58:47
338,69,roulette,2.61,1.3,2026-04-07 03:54:05
339,57,slots,78.89,39.45,2026-04-30 13:30:04
340,22,blackjack,87.07,43.53,2026-04-20 16:35:07
341,58,slots,76.4,152.8,2026-05-02 09:41:32
342,90,slots,54.35,27.18,2026-04-11 01:11:03
343,25,blackjack,64.02,0.0,2026-04-20 04:37:01
344,55,blackjack,58.22,116.44,2026-04-29 04:01:39
345,81,slots,82.34,164.68,2026-04-06 09:44:59
346,72,slots,5.25,5.25,2026-04-09 11:25:40
347,64,roulette,8.03,16.06,2026-05-02 11:30:47
348,26,slots,56.72,56.72,2026-04-23 15:04:44
349,53,blackjack,23.42,11.71,2026-05-05 08:35:57
350,39,slots,88.18,176.36,2026-04-07 21:01:52
351,23,blackjack,52.23,26.11,2026-05-03 07:31:55
352,11,blackjack,6.94,13.88,2026-04-08 01:09:21
353,49,blackjack,25.73,12.87,2026-04-19 23:20:49
354,35,slots,63.72,31.86,2026-04-10 02:33:02
355,53,slots,3.02,1.51,2026-04-11 12:38:14
356,34,slots,25.93,0.0,2026-04-22 07:45:35
357,90,slots,57.35,28.68,2026-04-27 12:36:44
358,70,blackjack,34.27,68.54,2026-04-10 22:49:22
359,54,blackjack,24.29,48.58,2026-04-10 06:33:03
360,26,slots,11.76,0.0,2026-05-02 01:53:43
361,44,slots,38.73,38.73,2026-04-27 00:22:46
362,56,blackjack,52.81,52.81,2026-05-02 04:38:04
363,39,slots,92.29,0.0,2026-04-07 16:49:46
364,71,blackjack,26.37,13.19,2026-04-23 07:17:06
365,28,blackjack,4.76,9.52,2026-05-01 08:08:46
366,7,blackjack,43.72,43.72,2026-04-27 18:49:59
367,52,blackjack,47.88,95.76,2026-04-06 22:53:24
368,68,roulette,34.71,69.42,2026-04-12 05:14:57
369,60,blackjack,10.43,20.86,2026-05-01 07:15:54
370,58,slots,68.62,0.0,2026-04-30 18:16:51
371,9,slots,74.14,148.28,2026-04-24 07:53:20
372,7,roulette,9.15,4.58,2026-04-15 10:39:37
373,79,slots,63.59,63.59,2026-04-21 06:46:49
374,74,slots,68.5,68.5,2026-04-29 16:50:48
375,50,slots,92.74,185.48,2026-04-19 09:11:00
376,38,roulette,66.95,0.0,2026-05-04 01:22:06
377,72,roulette,83.75,41.88,2026-04-06 11:46:19
378,74,roulette,50.96,50.96,2026-04-19 08:25:41
379,2,slots,77.22,77.22,2026-04-30 16:22:00
380,25,roulette,33.54,33.54,2026-04-08 17:06:05
381,28,blackjack,30.65,0.0,2026-04-28 02:32:26
382,9,roulette,58.75,117.5,2026-04-07 17:57:23
383,34,roulette,70.84,0.0,2026-04-13 01:41:39
384,37,roulette,20.83,20.83,2026-04-16 00:48:09
385,42,blackjack,14.39,28.78,2026-04-21 15:21:06
386,42,roulette,43.45,43.45,2026-04-22 02:51:21
387,46,roulette,30.25,60.5,2026-05-02 19:56:22
388,5,slots,49.57,49.57,2026-04-20 04:41:36
389,61,roulette,34.08,17.04,2026-04-09 22:38:59
390,22,roulette,41.2,0.0,2026-05-04 00:53:39
391,44,roulette,78.94,78.94,2026-05-04 10:14:33
392,31,slots,91.18,91.18,2026-04-27 10:04:26
393,13,blackjack,75.1,75.1,2026-05-02 06:28:57
394,90,roulette,14.89,29.78,2026-05-01 00:50:25
395,17,roulette,16.68,8.34,2026-04-30 04:35:10
396,22,roulette,32.39,32.39,2026-04-24 12:38:59
397,14,roulette,19.65,19.65,2026-04-10 06:31:33
398,44,slots,7.31,7.31,2026-04-25 05:21:36
399,2,roulette,50.89,25.45,2026-05-03 09:55:59
400,8,blackjack,59.38,0.0,2026-05-01 04:50:09
401,40,blackjack,85.95,171.9,2026-04-20 09:27:35
402,92,blackjack,16.01,16.01,2026-04-10 04:16:01
403,95,roulette,48.4,48.4,2026-04-08 05:21:54
404,30,slots,83.68,167.36,2026-04-06 00:06:27
405,18,roulette,67.81,33.91,2026-04-24 15:32:36
406,84,slots,14.64,29.28,2026-04-07 08:10:33
407,43,blackjack,28.91,28.91,2026-04-13 19:42:30
408,56,roulette,15.15,7.58,2026-05-01 01:40:07
409,48,blackjack,23.41,11.71,2026-04-24 11:30:17
410,2,blackjack,41.27,0.0,2026-04-08 00:53:54
411,67,blackjack,40.57,0.0,2026-04-19 15:02:21
412,33,roulette,68.6,68.6,2026-04-16 10:41:26
413,38,blackjack,92.08,184.16,2026-04-26 22:49:54
414,30,slots,49.39,0.0,2026-04-12 07:51:31
415,11,blackjack,51.88,0.0,2026-04-10 09:08:14
416,49,roulette,99.24,0.0,2026-04-27 18:51:33
417,47,roulette,96.28,96.28,2026-04-14 18:57:21
418,83,roulette,22.14,22.14,2026-04-11 22:19:33
419,83,slots,69.93,139.86,2026-04-06 09:42:49
420,20,roulette,89.28,178.56,2026-04-15 11:10:42
421,29,slots,50.61,25.3,2026-04-16 16:03:56
422,16,blackjack,96.96,193.92,2026-04-11 07:37:27
423,4,slots,19.78,39.56,2026-04-27 17:03:18
424,54,blackjack,94.97,0.0,2026-04-14 10:09:15
425,17,roulette,39.77,0.0,2026-04-09 22:13:23
426,77,blackjack,76.69,38.34,2026-04-16 03:51:45
427,11,roulette,84.03,168.06,2026-04-13 19:55:16
428,100,roulette,38.81,19.41,2026-04-07 16:20:48
429,79,blackjack,54.5,109.0,2026-04-06 04:59:32
430,58,blackjack,88.69,88.69,2026-04-20 14:27:26
431,10,roulette,16.27,16.27,2026-04-25 03:14:04
432,76,blackjack,76.9,38.45,2026-04-20 01:20:55
433,19,slots,70.09,70.09,2026-04-30 14:50:11
434,77,roulette,74.51,149.02,2026-04-26 22:21:50
435,73,blackjack,75.26,37.63,2026-04-23 02:03:31
436,47,blackjack,41.84,83.68,2026-04-26 03:17:13
437,22,slots,72.73,36.37,2026-04-27 08:43:15
438,18,slots,50.73,101.46,2026-04-18 07:39:19
439,16,slots,19.88,9.94,2026-05-03 18:39:27
440,47,roulette,84.7,0.0,2026-04-07 07:36:53
441,70,roulette,92.13,0.0,2026-04-24 14:14:29
442,27,blackjack,3.3,3.3,2026-04-29 05:12:14
443,28,slots,92.63,92.63,2026-04-15 11:31:41
444,26,blackjack,36.35,0.0,2026-04-21 02:48:31
445,100,slots,9.5,19.0,2026-04-14 03:10:07
446,63,blackjack,92.04,0.0,2026-04-08 00:15:20
447,24,blackjack,67.47,134.94,2026-04-29 21:55:14
448,40,slots,76.03,152.06,2026-04-17 06:48:56
449,65,slots,46.1,46.1,2026-04-29 08:13:53
450,57,slots,71.95,143.9,2026-04-18 08:01:31
451,87,slots,41.66,0.0,2026-04-20 11:31:19
452,69,roulette,78.04,156.08,2026-04-30 04:44:57
453,78,slots,53.53,0.0,2026-04-29 23:22:48
454,93,slots,58.32,0.0,2026-04-08 08:13:05
455,96,slots,51.96,51.96,2026-04-14 11:43:13
456,82,slots,56.96,0.0,2026-04-21 18:00:07
457,14,blackjack,41.88,83.76,2026-04-30 07:46:11
458,17,roulette,3.35,3.35,2026-04-21 10:05:20
459,20,blackjack,78.04,78.04,2026-04-30 00:48:11
460,70,roulette,56.33,56.33,2026-04-05 21:51:26
461,13,blackjack,62.76,31.38,2026-04-08 07:03:16
462,87,roulette,48.93,0.0,2026-04-25 01:56:18
463,47,roulette,86.86,43.43,2026-04-09 23:28:23
464,67,slots,80.48,80.48,2026-04-19 10:20:55
465,74,roulette,5.25,5.25,2026-04-19 16:05:08
466,68,blackjack,5.72,5.72,2026-04-09 15:26:26
467,38,roulette,34.74,69.48,2026-05-02 02:50:15
468,87,slots,66.05,66.05,2026-04-09 02:31:19
469,92,slots,68.87,137.74,2026-04-06 20:02:49
470,57,roulette,75.2,37.6,2026-04-18 04:44:38
471,2,blackjack,14.52,29.04,2026-04-08 23:31:22
472,84,blackjack,14.85,7.42,2026-04-07 06:56:35
473,56,roulette,25.28,50.56,2026-04-20 19:10:58
474,77,blackjack,48.92,48.92,2026-04-20 12:05:49
475,59,blackjack,23.07,46.14,2026-04-07 23:33:31
476,55,blackjack,48.11,48.11,2026-05-04 12:15:00
477,46,slots,71.05,35.52,2026-04-08 19:57:20
478,2,blackjack,59.58,0.0,2026-04-13 11:10:53
479,96,roulette,13.66,13.66,2026-04-27 07:04:06
480,17,slots,95.96,191.92,2026-04-17 15:03:50
481,53,roulette,31.23,0.0,2026-04-09 05:58:23
482,60,slots,59.45,118.9,2026-04-17 09:46:19
483,9,roulette,71.53,71.53,2026-04-08 03:56:34
484,68,slots,69.07,69.07,2026-05-03 03:59:26
485,49,blackjack,31.17,62.34,2026-04-28 19:25:59
486,92,roulette,81.89,163.78,2026-05-01 11:42:28
487,30,roulette,12.83,25.66,2026-05-04 19:45:43
488,92,roulette,81.24,40.62,2026-04-15 09:33:14
489,50,blackjack,99.44,198.88,2026-04-21 12:48:37
490,65,roulette,47.84,23.92,2026-04-29 00:42:04
491,3,roulette,49.73,49.73,2026-04-25 04:48:50
492,65,slots,45.54,91.08,2026-04-23 00:27:19
493,12,slots,75.86,151.72,2026-05-03 11:34:07
494,68,slots,74.32,74.32,2026-04-18 16:58:37
495,53,blackjack,64.22,32.11,2026-04-06 17:53:27
496,36,blackjack,63.79,63.79,2026-04-23 04:52:59
497,64,slots,74.53,0.0,2026-04-20 05:27:03
498,74,blackjack,55.46,55.46,2026-04-08 20:40:13
499,1,slots,69.58,69.58,2026-04-28 03:35:08
500,76,blackjack,50.57,101.14,2026-04-14 10:19:41
501,74,blackjack,41.58,0.0,2026-04-06 04:05:57
502,96,slots,29.01,0.0,2026-05-03 09:47:13
503,100,blackjack,67.8,0.0,2026-04-13 07:25:47
504,85,blackjack,52.32,0.0,2026-04-12 10:22:49
505,72,roulette,91.82,183.64,2026-04-10 11:44:33
506,62,slots,3.11,1.55,2026-04-22 07:00:13
507,73,blackjack,42.37,42.37,2026-04-27 13:34:50
508,52,roulette,80.33,80.33,2026-04-21 09:06:24
509,24,roulette,26.3,13.15,2026-04-25 15:40:28
510,48,slots,11.73,11.73,2026-04-23 17:57:12
511,54,blackjack,92.66,92.66,2026-04-06 04:28:40
512,99,blackjack,99.0,0.0,2026-05-04 22:48:43
513,63,slots,43.44,21.72,2026-04-14 03:29:10
514,38,blackjack,85.55,0.0,2026-04-08 19:29:40
515,21,roulette,98.34,49.17,2026-05-01 18:44:07
516,11,slots,4.43,0.0,2026-05-04 23:52:14
517,25,roulette,80.87,161.74,2026-04-17 06:41:09
518,72,blackjack,4.23,8.46,2026-05-02 20:23:28
519,15,blackjack,44.94,89.88,2026-04-07 08:53:56
520,69,slots,84.56,84.56,2026-04-16 15:36:31
521,22,blackjack,32.89,0.0,2026-04-27 16:21:58
522,50,slots,40.95,0.0,2026-04-17 22:59:16
523,95,slots,21.77,10.88,2026-04-16 19:43:37
524,89,roulette,63.55,127.1,2026-04-11 19:36:54
525,84,slots,4.58,9.16,2026-05-02 05:47:00
526,3,slots,28.93,57.86,2026-04-15 06:45:28
527,12,blackjack,95.05,190.1,2026-04-05 12:02:08
528,74,blackjack,81.28,162.56,2026-05-02 05:24:39
529,73,roulette,38.47,0.0,2026-05-04 02:29:57
530,10,blackjack,9.16,0.0,2026-04-11 02:42:15
531,67,blackjack,75.71,37.85,2026-04-26 07:51:01
532,29,roulette,74.45,37.23,2026-04-07 15:48:40
533,69,blackjack,59.41,118.82,2026-04-16 19:42:25
534,34,roulette,64.83,129.66,2026-04-13 22:39:36
535,91,blackjack,28.34,0.0,2026-04-15 09:44:11
536,18,roulette,80.12,160.24,2026-04-13 09:41:38
537,33,roulette,41.57,41.57,2026-04-24 17:23:12
538,70,roulette,62.52,62.52,2026-04-29 04:39:05
539,21,blackjack,12.28,12.28,2026-04-26 08:33:03
540,88,slots,89.5,44.75,2026-04-23 22:38:40
541,49,slots,41.74,20.87,2026-04-25 08:51:12
542,32,slots,12.14,6.07,2026-04-14 03:15:13
543,13,blackjack,51.53,51.53,2026-05-01 14:29:12
544,53,slots,46.38,0.0,2026-04-28 10:12:42
545,77,roulette,11.06,22.12,2026-04-22 06:15:26
546,7,blackjack,73.76,147.52,2026-04-05 21:46:24
547,100,slots,95.47,47.73,2026-04-21 16:16:36
548,93,slots,82.68,0.0,2026-04-23 11:45:07
549,38,roulette,37.38,74.76,2026-04-22 18:11:52
550,71,slots,21.5,0.0,2026-04-15 16:17:06
551,93,blackjack,28.06,56.12,2026-04-27 11:42:22
552,14,blackjack,58.01,0.0,2026-04-08 14:07:10
553,19,slots,49.95,49.95,2026-04-05 10:31:08
554,29,slots,69.32,69.32,2026-04-25 20:47:07
555,98,slots,23.2,0.0,2026-04-21 20:40:25
556,3,blackjack,63.06,63.06,2026-04-25 07:07:46
557,32,slots,43.38,86.76,2026-04-08 18:07:57
558,9,blackjack,14.59,0.0,2026-04-16 21:18:35
559,1,slots,25.09,50.18,2026-04-20 15:16:12
560,82,roulette,35.43,70.86,2026-04-10 06:16:05
561,81,roulette,46.03,23.02,2026-04-30 03:50:53
562,55,blackjack,74.09,37.05,2026-04-24 14:59:47
563,89,roulette,47.93,0.0,2026-04-27 02:25:35
564,21,blackjack,75.43,37.72,2026-04-27 03:09:22
565,39,roulette,48.29,48.29,2026-04-14 00:34:09
566,5,blackjack,5.89,0.0,2026-04-24 06:42:18
567,27,blackjack,6.67,3.33,2026-04-21 19:10:29
568,91,blackjack,92.1,184.2,2026-05-02 04:14:45
569,37,roulette,54.3,108.6,2026-04-30 14:53:21
570,9,blackjack,31.06,62.12,2026-05-04 16:10:49
571,94,slots,79.86,79.86,2026-04-17 01:28:35
572,42,slots,69.84,69.84,2026-04-06 01:04:37
573,33,roulette,96.45,48.23,2026-04-11 17:53:32
574,58,roulette,94.8,189.6,2026-04-07 18:31:21
575,30,roulette,54.03,27.02,2026-05-04 08:04:21
576,50,blackjack,30.61,15.3,2026-04-05 12:18:54
577,2,slots,71.8,0.0,2026-04-20 09:59:30
578,9,roulette,93.27,46.63,2026-04-07 23:19:37
579,95,slots,28.31,56.62,2026-04-20 04:15:09
580,55,blackjack,65.11,32.55,2026-04-26 17:59:49
581,22,slots,30.38,15.19,2026-04-08 10:03:23
582,31,slots,13.95,27.9,2026-04-07 17:44:22
583,61,roulette,31.27,15.63,2026-04-26 01:50:44
584,80,blackjack,12.27,6.13,2026-05-02 18:42:11
585,36,slots,23.67,0.0,2026-05-01 10:13:52
586,22,slots,19.58,19.58,2026-04-15 20:22:45
587,37,slots,35.95,0.0,2026-04-07 07:49:35
588,92,slots,59.75,0.0,2026-04-25 15:28:54
589,21,blackjack,42.9,42.9,2026-04-08 02:01:55
590,29,slots,52.63,26.32,2026-04-14 14:00:09
591,81,roulette,39.51,79.02,2026-04-17 02:59:37
592,39,blackjack,16.87,0.0,2026-04-16 13:59:22
593,41,roulette,97.85,195.7,2026-04-17 18:04:08
594,5,slots,84.14,84.14,2026-04-23 21:22:11
595,70,blackjack,42.18,84.36,2026-04-27 04:05:37
596,34,blackjack,59.56,29.78,2026-04-09 11:32:29
597,73,blackjack,49.87,24.93,2026-04-26 05:50:30
598,95,blackjack,23.24,23.24,2026-04-23 02:58:02
599,98,slots,4.65,9.3,2026-05-01 00:29:49
600,91,slots,75.77,0.0,2026-04-08 08:13:10
601,30,blackjack,14.05,7.03,2026-04-12 02:23:51
602,48,slots,29.43,0.0,2026-04-18 14:25:16
603,35,roulette,1.81,0.91,2026-04-17 20:33:36
604,63,blackjack,2.23,4.46,2026-04-20 13:06:19
605,76,slots,47.31,47.31,2026-04-28 01:02:50
606,92,slots,46.6,0.0,2026-04-27 08:44:29
607,95,roulette,64.02,0.0,2026-04-26 23:13:31
608,21,blackjack,4.22,0.0,2026-05-03 19:18:57
609,66,blackjack,3.17,3.17,2026-04-23 06:57:51
610,11,slots,91.77,183.54,2026-04-11 18:29:52
611,78,roulette,80.93,0.0,2026-04-08 12:22:27
612,70,slots,42.94,21.47,2026-04-21 23:35:43
613,39,blackjack,82.2,82.2,2026-04-10 11:01:35
614,50,roulette,60.29,60.29,2026-04-10 00:46:29
615,61,slots,34.05,0.0,2026-04-18 11:29:28
616,92,slots,34.87,17.43,2026-04-24 12:19:10
617,4,roulette,46.82,46.82,2026-05-03 22:31:07
618,23,blackjack,84.87,169.74,2026-04-30 17:54:24
619,9,roulette,85.95,85.95,2026-04-26 10:28:10
620,98,blackjack,99.06,99.06,2026-04-19 01:02:19
621,96,slots,71.11,35.55,2026-04-12 22:25:47
622,56,roulette,16.48,0.0,2026-04-30 06:36:42
623,17,blackjack,6.41,3.21,2026-05-01 18:57:55
624,44,slots,57.22,57.22,2026-04-17 04:36:03
625,51,roulette,89.0,44.5,2026-04-13 18:49:18
626,44,blackjack,90.62,90.62,2026-04-30 16:28:54
627,40,slots,29.9,0.0,2026-05-04 02:49:29
628,72,roulette,91.58,91.58,2026-04-09 01:19:22
629,16,blackjack,10.19,20.38,2026-04-10 14:27:04
630,40,blackjack,96.07,0.0,2026-04-12 07:04:04
631,82,blackjack,14.31,14.31,2026-05-03 00:38:48
632,19,slots,35.58,0.0,2026-04-19 02:02:44
633,51,slots,36.81,73.62,2026-04-28 21:47:24
634,19,slots,37.56,18.78,2026-04-17 10:32:33
635,100,blackjack,48.33,48.33,2026-04-12 03:59:37
636,72,slots,45.76,0.0,2026-04-07 01:31:31
637,25,blackjack,92.48,92.48,2026-04-25 14:02:12
638,84,slots,50.4,50.4,2026-04-21 16:22:33
639,60,roulette,88.46,88.46,2026-04-29 03:47:40
640,83,blackjack,20.47,10.23,2026-05-05 01:32:19
641,65,blackjack,97.07,0.0,2026-04-30 21:05:48
642,77,blackjack,54.42,108.84,2026-04-22 12:33:41
643,40,blackjack,48.78,97.56,2026-04-08 00:26:16
644,21,blackjack,56.41,0.0,2026-04-11 03:45:28
645,78,blackjack,8.12,16.24,2026-04-05 13:28:20
646,16,roulette,35.35,17.68,2026-05-04 04:46:35
647,22,slots,36.57,36.57,2026-04-28 10:20:42
648,95,slots,74.89,37.45,2026-05-03 15:12:37
649,56,blackjack,17.07,34.14,2026-04-20 04:33:42
650,84,blackjack,86.99,43.49,2026-04-20 01:46:58
651,59,blackjack,25.23,0.0,2026-04-08 22:40:05
652,17,roulette,41.53,20.77,2026-04-12 20:48:02
653,76,roulette,78.9,157.8,2026-04-10 01:26:08
654,56,blackjack,7.33,3.67,2026-04-27 14:19:09
655,15,slots,59.63,119.26,2026-04-28 22:44:46
656,94,slots,13.35,13.35,2026-04-22 03:15:46
657,46,roulette,81.44,81.44,2026-04-24 14:00:04
658,65,roulette,46.04,92.08,2026-04-19 00:29:20
659,62,slots,35.03,0.0,2026-04-19 22:41:20
660,7,blackjack,24.4,24.4,2026-04-23 14:19:09
661,99,blackjack,74.87,0.0,2026-04-22 19:07:17
662,11,slots,19.99,0.0,2026-05-02 05:41:26
663,82,slots,12.85,0.0,2026-04-25 12:43:08
664,47,roulette,52.12,52.12,2026-04-28 16:42:34
665,39,slots,57.84,28.92,2026-04-20 12:57:45
666,39,blackjack,2.34,4.68,2026-04-11 09:53:12
667,1,slots,94.34,0.0,2026-04-27 02:26:45
668,49,slots,49.06,24.53,2026-04-22 05:12:43
669,93,roulette,85.2,0.0,2026-04-10 14:15:33
670,44,slots,70.01,70.01,2026-04-05 18:48:43
671,98,slots,87.68,43.84,2026-04-24 07:30:18
672,86,blackjack,33.75,16.88,2026-04-05 18:22:59
673,44,slots,88.53,177.06,2026-04-09 13:57:27
674,99,slots,67.78,67.78,2026-04-20 07:33:46
675,60,roulette,76.59,38.3,2026-04-20 23:38:58
676,18,roulette,9.6,0.0,2026-04-30 16:16:45
677,75,roulette,64.08,128.16,2026-04-06 22:27:28
678,66,slots,55.06,27.53,2026-04-30 05:41:09
679,68,roulette,39.8,79.6,2026-04-09 04:55:14
680,6,blackjack,68.66,68.66,2026-04-17 22:17:55
681,14,blackjack,32.6,16.3,2026-05-01 05:42:46
682,24,roulette,88.09,176.18,2026-04-22 20:45:51
683,64,slots,56.81,28.41,2026-04-30 20:44:03
684,45,roulette,38.02,0.0,2026-04-07 02:30:13
685,88,blackjack,27.38,27.38,2026-05-05 08:15:28
686,46,slots,12.71,12.71,2026-04-16 11:30:22
687,52,roulette,87.23,87.23,2026-04-26 19:41:38
688,40,slots,66.48,33.24,2026-05-05 06:51:35
689,48,roulette,90.91,0.0,2026-04-10 01:34:23
690,51,blackjack,41.26,41.26,2026-04-20 00:42:14
691,5,slots,98.94,98.94,2026-05-02 22:54:47
692,61,slots,55.0,0.0,2026-04-18 14:29:52
693,80,roulette,96.6,0.0,2026-04-13 22:16:53
694,69,slots,14.62,29.24,2026-04-11 06:12:25
695,78,roulette,14.99,7.5,2026-04-14 03:21:06
696,34,blackjack,78.47,78.47,2026-04-19 01:25:16
697,67,blackjack,22.85,0.0,2026-04-05 19:26:41
698,83,roulette,3.26,3.26,2026-04-15 06:27:21
699,88,blackjack,95.65,47.83,2026-04-11 00:59:06
700,99,blackjack,47.32,0.0,2026-04-06 17:45:33
701,38,blackjack,94.48,94.48,2026-04-26 05:14:19
702,78,roulette,78.57,157.14,2026-04-27 03:52:54
703,20,slots,24.71,49.42,2026-04-10 15:49:51
704,10,slots,95.5,191.0,2026-04-20 20:50:07
705,27,slots,57.67,28.84,2026-04-29 12:05:04
706,18,roulette,47.25,94.5,2026-04-23 08:11:01
707,67,blackjack,3.32,6.64,2026-04-29 09:24:28
708,71,slots,62.37,62.37,2026-04-18 14:13:19
709,16,blackjack,3.69,0.0,2026-04-15 04:41:55
710,86,roulette,74.54,37.27,2026-04-26 20:21:38
711,30,roulette,51.08,25.54,2026-04-10 09:54:18
712,78,blackjack,11.06,0.0,2026-04-24 12:17:39
713,43,blackjack,18.58,37.16,2026-04-18 15:19:51
714,46,slots,91.61,45.8,2026-04-16 19:51:39
715,50,slots,18.17,9.09,2026-04-13 00:32:30
716,36,roulette,53.77,53.77,2026-04-29 21:40:29
717,67,blackjack,5.07,5.07,2026-04-19 21:22:56
718,26,blackjack,98.36,196.72,2026-04-12 14:59:03
719,2,blackjack,58.24,29.12,2026-04-13 07:34:22
720,22,slots,30.36,0.0,2026-05-04 02:50:45
721,95,roulette,39.98,19.99,2026-04-18 05:01:47
722,68,slots,88.92,88.92,2026-05-01 07:41:55
723,5,slots,86.78,0.0,2026-04-10 03:00:24
724,12,blackjack,29.46,58.92,2026-04-14 18:06:33
725,91,slots,33.31,16.66,2026-04-27 21:29:16
726,61,slots,7.04,3.52,2026-04-20 16:28:07
727,96,slots,96.16,192.32,2026-04-14 04:45:48
728,88,roulette,76.52,38.26,2026-04-08 10:15:20
729,10,roulette,38.29,0.0,2026-04-11 21:31:40
730,26,roulette,3.0,6.0,2026-04-18 14:06:10
731,96,slots,30.55,0.0,2026-04-27 21:13:09
732,29,roulette,14.02,28.04,2026-04-10 14:52:23
733,38,blackjack,68.77,34.38,2026-04-30 18:59:04
734,7,slots,36.49,36.49,2026-04-18 19:13:25
735,2,slots,19.66,19.66,2026-04-30 19:02:54
736,41,blackjack,71.07,0.0,2026-04-05 16:06:57
737,96,blackjack,64.87,64.87,2026-04-12 15:33:35
738,18,blackjack,24.79,12.39,2026-04-12 13:23:36
739,77,blackjack,31.61,63.22,2026-04-28 06:29:00
740,63,slots,39.78,19.89,2026-04-29 08:25:19
741,76,roulette,93.82,46.91,2026-04-20 10:29:05
742,53,slots,76.88,0.0,2026-04-27 20:16:47
743,100,slots,59.12,0.0,2026-04-26 20:28:23
744,27,slots,20.26,10.13,2026-04-24 22:04:21
745,70,slots,54.07,27.04,2026-05-03 11:43:05
746,78,roulette,5.66,2.83,2026-04-13 15:14:14
747,83,blackjack,37.15,0.0,2026-05-03 15:55:33
748,44,blackjack,62.46,0.0,2026-04-15 18:02:29
749,38,blackjack,86.39,86.39,2026-04-22 16:46:38
750,88,roulette,32.53,16.27,2026-04-09 19:33:43
751,98,blackjack,52.98,26.49,2026-04-29 16:20:51
752,3,slots,63.98,63.98,2026-04-16 13:46:49
753,46,slots,83.41,83.41,2026-04-25 00:22:06
754,91,blackjack,22.55,0.0,2026-04-13 22:23:48
755,100,blackjack,95.12,0.0,2026-04-23 12:21:12
756,25,slots,30.87,0.0,2026-04-05 20:30:29
757,35,roulette,60.07,30.04,2026-04-17 06:55:16
758,13,roulette,4.38,0.0,2026-04-24 03:56:22
759,56,slots,75.47,0.0,2026-04-24 13:35:57
760,30,blackjack,39.04,0.0,2026-05-04 18:32:59
761,89,roulette,63.49,31.75,2026-04-21 19:54:06
762,76,slots,73.42,146.84,2026-04-20 11:41:03
763,95,slots,74.18,148.36,2026-04-15 10:56:24
764,42,slots,38.86,77.72,2026-04-12 02:11:50
765,36,roulette,33.45,33.45,2026-04-09 14:49:00
766,92,slots,67.37,0.0,2026-05-04 14:42:31
767,19,roulette,28.84,0.0,2026-04-07 06:25:38
768,51,roulette,14.47,7.24,2026-04-24 19:43:35
769,18,slots,67.01,0.0,2026-05-03 05:29:45
770,17,blackjack,89.54,179.08,2026-04-27 13:40:51
771,16,roulette,24.71,24.71,2026-04-30 04:21:35
772,79,blackjack,68.27,68.27,2026-04-24 15:57:38
773,1,slots,59.09,118.18,2026-04-29 03:49:34
774,100,blackjack,28.33,14.16,2026-04-29 08:34:02
775,18,blackjack,62.03,124.06,2026-05-04 00:46:28
776,57,roulette,94.46,94.46,2026-04-17 10:25:42
777,13,roulette,5.06,2.53,2026-04-20 06:59:58
778,91,slots,78.1,156.2,2026-05-04 20:09:59
779,38,roulette,30.02,15.01,2026-04-16 18:59:56
780,85,slots,30.28,15.14,2026-04-12 22:17:07
781,4,slots,66.41,66.41,2026-05-03 21:06:55
782,10,blackjack,82.49,41.24,2026-04-28 04:54:20
783,34,slots,50.51,50.51,2026-04-28 15:14:26
784,42,blackjack,36.04,72.08,2026-04-23 14:58:04
785,91,slots,85.22,0.0,2026-04-14 22:44:37
786,37,slots,62.85,62.85,2026-04-13 09:15:45
787,81,slots,5.47,0.0,2026-04-15 07:43:11
788,96,roulette,65.23,32.62,2026-04-14 19:06:04
789,46,blackjack,80.01,0.0,2026-04-14 10:04:14
790,66,slots,23.03,46.06,2026-04-12 09:04:03
791,30,slots,55.33,110.66,2026-04-16 05:44:05
792,33,blackjack,89.63,44.81,2026-04-30 14:25:18
793,70,blackjack,30.56,0.0,2026-05-01 16:00:25
794,65,roulette,79.12,79.12,2026-04-08 13:34:38
795,68,slots,70.3,35.15,2026-04-15 12:00:36
796,99,blackjack,11.13,0.0,2026-04-28 00:40:51
797,10,slots,8.08,16.16,2026-04-12 23:25:03
798,10,slots,82.69,41.34,2026-04-13 08:28:52
799,2,slots,91.46,0.0,2026-04-30 18:03:47
800,75,slots,3.13,0.0,2026-04-19 19:42:16
801,42,blackjack,83.1,166.2,2026-04-06 02:42:49
802,83,roulette,90.64,90.64,2026-04-13 21:21:29
803,46,blackjack,9.34,4.67,2026-04-09 23:14:02
804,18,slots,51.13,102.26,2026-04-05 20:41:54
805,31,blackjack,54.21,54.21,2026-04-08 04:46:38
806,98,roulette,25.49,12.74,2026-04-19 15:36:07
807,26,slots,1.2,1.2,2026-04-20 19:22:11
808,8,roulette,69.67,0.0,2026-04-24 22:21:31
809,72,blackjack,50.68,101.36,2026-05-01 10:28:49
810,48,blackjack,29.81,29.81,2026-04-19 02:14:51
811,67,blackjack,83.21,0.0,2026-05-02 05:16:04
812,72,slots,1.18,2.36,2026-04-21 14:29:28
813,53,roulette,97.85,195.7,2026-04-10 06:03:58
814,22,slots,6.59,3.29,2026-04-29 15:13:58
815,3,slots,19.42,9.71,2026-05-02 13:22:03
816,10,blackjack,83.14,41.57,2026-04-21 11:30:10
817,75,roulette,54.39,54.39,2026-05-03 10:41:16
818,19,slots,66.74,133.48,2026-04-26 18:26:18
819,80,blackjack,21.07,0.0,2026-04-15 20:12:21
820,38,roulette,15.36,0.0,2026-04-28 05:45:13
821,69,blackjack,73.02,73.02,2026-04-16 11:40:54
822,62,blackjack,78.35,0.0,2026-04-17 09:20:31
823,1,slots,86.09,0.0,2026-04-19 20:10:41
824,14,slots,50.39,25.2,2026-04-30 10:18:09
825,68,roulette,9.37,18.74,2026-04-29 22:25:21
826,95,blackjack,30.41,15.21,2026-04-26 03:55:32
827,22,blackjack,38.97,38.97,2026-04-09 11:13:34
828,65,slots,30.39,0.0,2026-04-20 09:52:33
829,24,roulette,48.28,24.14,2026-04-22 11:36:04
830,1,roulette,41.84,0.0,2026-05-03 19:41:54
831,17,slots,78.67,157.34,2026-04-14 15:56:09
832,56,blackjack,89.7,89.7,2026-05-02 03:49:05
833,54,slots,88.78,177.56,2026-05-04 18:58:41
834,86,roulette,31.05,0.0,2026-05-03 09:12:45
835,34,blackjack,44.69,44.69,2026-04-08 04:57:56
836,31,blackjack,63.62,31.81,2026-04-27 12:10:41
837,3,roulette,76.35,0.0,2026-04-23 06:11:15
838,38,roulette,62.21,31.11,2026-05-04 14:28:57
839,84,blackjack,20.02,0.0,2026-04-21 19:47:07
840,53,roulette,60.97,121.94,2026-04-05 15:24:49
841,95,blackjack,11.63,11.63,2026-04-28 16:28:53
842,65,roulette,4.18,2.09,2026-04-13 15:41:34
843,71,roulette,23.27,11.63,2026-04-05 23:55:29
844,98,roulette,15.34,30.68,2026-04-30 06:11:30
845,39,roulette,34.43,17.21,2026-04-17 20:28:12
846,78,roulette,47.98,47.98,2026-04-14 04:01:49
847,45,slots,16.85,33.7,2026-04-14 01:56:25
848,12,roulette,18.79,18.79,2026-04-10 13:09:25
849,60,blackjack,1.77,0.89,2026-05-05 08:46:48
850,25,roulette,26.36,26.36,2026-04-18 00:59:08
851,57,blackjack,87.43,87.43,2026-04-13 14:43:23
852,6,blackjack,98.53,98.53,2026-04-26 19:00:24
853,91,slots,93.81,0.0,2026-04-10 08:08:47
854,21,slots,98.36,196.72,2026-04-17 21:15:14
855,45,slots,9.41,18.82,2026-04-18 17:16:34
856,54,blackjack,52.68,26.34,2026-04-09 13:05:31
857,30,blackjack,93.7,46.85,2026-04-13 15:21:49
858,71,slots,98.17,0.0,2026-04-19 16:56:58
859,35,blackjack,55.21,110.42,2026-04-24 07:04:27
860,63,blackjack,98.31,49.16,2026-04-24 04:43:10
861,42,roulette,12.41,0.0,2026-04-27 10:17:09
862,31,blackjack,50.16,100.32,2026-04-27 15:18:03
863,46,slots,99.82,0.0,2026-04-20 02:15:31
864,86,blackjack,57.07,57.07,2026-04-08 20:03:58
865,10,roulette,57.41,114.82,2026-04-23 08:09:22
866,25,roulette,19.21,9.61,2026-04-06 21:39:13
867,97,blackjack,27.75,27.75,2026-05-03 06:06:14
868,1,blackjack,70.87,35.44,2026-04-23 08:14:42
869,79,blackjack,88.72,88.72,2026-05-02 20:52:23
870,72,slots,43.88,43.88,2026-04-08 17:27:32
871,3,roulette,58.98,0.0,2026-04-27 20:45:00
872,50,slots,57.26,28.63,2026-04-17 18:41:59
873,71,roulette,11.06,0.0,2026-04-07 10:47:58
874,33,roulette,62.38,62.38,2026-04-09 05:41:18
875,89,slots,12.33,12.33,2026-04-22 05:44:29
876,72,roulette,49.49,24.75,2026-04-19 23:23:57
877,22,blackjack,52.25,0.0,2026-04-15 19:59:10
878,96,blackjack,15.18,0.0,2026-04-15 22:00:29
879,64,roulette,82.81,0.0,2026-04-08 05:47:33
880,68,slots,59.23,0.0,2026-04-22 10:16:49
881,19,slots,93.99,93.99,2026-04-12 09:46:50
882,95,slots,83.46,83.46,2026-04-09 05:37:14
883,19,slots,96.01,192.02,2026-04-08 15:04:47
884,8,blackjack,14.43,0.0,2026-04-23 19:28:46
885,73,blackjack,47.65,47.65,2026-04-13 06:07:11
886,45,blackjack,30.6,15.3,2026-05-05 03:54:56
887,58,blackjack,80.61,0.0,2026-04-24 07:03:39
888,90,blackjack,49.21,24.61,2026-04-24 22:46:27
889,20,roulette,2.55,1.27,2026-04-05 21:12:21
890,36,blackjack,34.75,17.38,2026-04-09 16:33:57
891,68,blackjack,92.6,185.2,2026-04-14 11:37:13
892,11,roulette,56.71,0.0,2026-04-28 02:17:46
893,29,slots,27.4,27.4,2026-04-12 14:21:16
894,11,roulette,36.54,73.08,2026-04-26 11:31:00
895,57,blackjack,51.19,0.0,2026-04-17 08:12:17
896,6,blackjack,43.65,43.65,2026-04-28 19:28:47
897,72,blackjack,38.55,77.1,2026-04-19 06:43:07
898,84,roulette,64.26,128.52,2026-04-19 07:11:04
899,41,roulette,66.76,0.0,2026-04-14 23:15:50
900,11,roulette,15.16,15.16,2026-04-14 03:04:44
901,35,blackjack,86.62,0.0,2026-04-11 10:55:36
902,48,slots,72.77,0.0,2026-04-21 01:31:56
903,21,blackjack,16.59,0.0,2026-04-24 23:44:32
904,65,roulette,74.75,37.38,2026-04-06 23:05:46
905,7,roulette,16.56,8.28,2026-04-16 14:07:20
906,85,blackjack,11.45,5.72,2026-04-14 18:07:08
907,82,blackjack,44.9,89.8,2026-04-17 16:24:00
908,63,slots,97.35,0.0,2026-04-22 06:40:23
909,41,blackjack,85.32,42.66,2026-05-04 14:25:08
910,77,roulette,15.41,0.0,2026-04-16 04:27:21
911,45,roulette,72.14,144.28,2026-04-28 16:46:25
912,59,blackjack,96.25,192.5,2026-04-29 15:32:16
913,83,blackjack,43.71,87.42,2026-04-30 15:14:32
914,97,roulette,67.43,0.0,2026-04-26 00:08:18
915,71,slots,27.17,0.0,2026-04-08 03:26:19
916,28,roulette,27.92,13.96,2026-04-22 01:00:20
917,7,roulette,19.85,9.93,2026-04-09 05:28:06
918,77,blackjack,92.12,184.24,2026-04-19 19:10:42
919,4,blackjack,76.47,76.47,2026-04-11 00:33:40
920,50,slots,83.98,41.99,2026-04-26 08:58:53
921,51,roulette,7.13,0.0,2026-04-09 21:46:11
922,54,blackjack,54.07,27.04,2026-04-13 14:20:07
923,11,blackjack,64.57,129.14,2026-04-14 15:46:15
924,48,slots,19.34,9.67,2026-04-14 15:38:45
925,39,roulette,43.64,87.28,2026-04-22 10:17:59
926,1,roulette,18.2,18.2,2026-04-09 17:56:55
927,49,slots,86.91,43.45,2026-04-28 12:46:56
928,90,roulette,85.45,0.0,2026-04-29 16:17:22
929,67,roulette,39.87,19.93,2026-04-15 14:24:58
930,91,roulette,49.07,24.54,2026-04-30 18:10:59
931,51,slots,22.31,0.0,2026-04-10 23:57:29
932,65,blackjack,37.79,0.0,2026-04-05 22:14:24
933,63,blackjack,34.33,68.66,2026-04-19 11:23:02
934,78,blackjack,95.99,95.99,2026-04-09 12:54:06
935,7,roulette,51.24,51.24,2026-04-20 12:55:29
936,18,slots,54.91,27.45,2026-04-22 14:55:56
937,1,slots,24.78,0.0,2026-04-19 17:26:37
938,44,blackjack,97.63,48.81,2026-05-01 16:26:31
939,46,slots,10.34,20.68,2026-05-05 08:12:51
940,21,blackjack,50.84,0.0,2026-05-03 18:05:37
941,33,roulette,77.87,38.94,2026-04-17 15:24:39
942,83,roulette,36.51,18.25,2026-04-14 08:30:28
943,99,blackjack,76.61,38.3,2026-04-25 16:26:23
944,49,slots,28.49,28.49,2026-04-26 16:46:32
945,15,blackjack,90.54,181.08,2026-04-18 16:22:25
946,13,roulette,22.08,22.08,2026-04-18 12:56:30
947,44,slots,62.8,31.4,2026-04-23 08:54:29
948,76,blackjack,23.39,0.0,2026-04-19 05:57:00
949,77,slots,58.09,58.09,2026-05-02 05:28:04
950,44,slots,10.4,0.0,2026-04-24 08:57:49
951,84,blackjack,93.64,93.64,2026-04-17 19:38:52
952,22,roulette,71.04,71.04,2026-04-16 04:27:32
953,21,slots,29.22,29.22,2026-04-20 09:37:59
954,23,slots,35.51,0.0,2026-05-01 13:17:56
955,68,slots,74.31,37.16,2026-05-03 01:14:25
956,66,blackjack,90.09,0.0,2026-04-27 11:56:13
957,74,blackjack,8.46,16.92,2026-04-30 07:26:25
958,37,roulette,57.04,28.52,2026-04-06 12:51:16
959,38,blackjack,11.89,0.0,2026-05-05 01:36:21
960,38,blackjack,36.26,72.52,2026-05-03 06:10:30
961,29,slots,58.43,0.0,2026-04-24 13:35:02
962,68,roulette,9.14,4.57,2026-05-01 03:58:48
963,96,blackjack,37.31,37.31,2026-04-20 11:01:41
964,19,blackjack,76.14,0.0,2026-04-06 06:34:00
965,7,roulette,6.72,0.0,2026-04-20 15:07:37
966,44,slots,22.57,45.14,2026-05-01 19:31:13
967,3,roulette,39.95,19.98,2026-04-16 21:00:15
968,41,blackjack,86.27,0.0,2026-04-09 21:02:24
969,97,roulette,40.93,40.93,2026-04-23 20:47:27
970,86,slots,9.8,0.0,2026-05-03 16:01:11
971,79,slots,34.45,17.23,2026-04-29 01:38:49
972,47,slots,76.93,153.86,2026-04-13 21:52:07
973,15,slots,75.36,150.72,2026-04-28 01:50:09
974,62,blackjack,35.18,17.59,2026-04-26 20:51:35
975,49,blackjack,64.37,64.37,2026-04-17 18:10:51
976,83,roulette,43.73,43.73,2026-04-22 23:37:07
977,89,blackjack,78.48,78.48,2026-04-24 13:44:22
978,91,slots,36.86,18.43,2026-04-07 03:11:42
979,47,roulette,81.83,40.91,2026-04-08 10:37:13
980,2,slots,26.21,0.0,2026-04-17 19:42:39
981,22,blackjack,99.9,0.0,2026-04-07 12:02:52
982,1,slots,89.0,178.0,2026-04-28 02:18:43
983,3,blackjack,49.51,0.0,2026-04-12 16:45:30
984,17,roulette,44.49,0.0,2026-05-03 12:11:02
985,46,roulette,57.1,28.55,2026-04-17 06:06:05
986,46,slots,48.99,97.98,2026-04-18 06:36:09
987,96,slots,84.33,0.0,2026-05-04 20:09:27
988,82,slots,66.88,0.0,2026-04-16 06:03:04
989,26,blackjack,70.0,35.0,2026-04-09 00:09:45
990,10,slots,44.02,0.0,2026-04-27 02:34:50
991,64,slots,47.2,23.6,2026-04-14 12:23:59
992,75,roulette,74.99,149.98,2026-05-04 15:32:23
993,62,slots,4.83,4.83,2026-04-17 21:30:49
994,14,blackjack,97.4,97.4,2026-04-27 06:29:15
995,4,blackjack,66.98,33.49,2026-04-05 21:29:45
996,29,blackjack,1.41,0.7,2026-04-30 12:16:43
997,55,blackjack,79.5,39.75,2026-05-02 04:41:07
998,55,roulette,98.48,196.96,2026-04-07 10:42:27
999,88,slots,40.09,80.18,2026-04-07 01:19:43
1000,89,slots,30.47,60.94,2026-04-24 12:42:00
